{
  "dashboard": {
    "id": null,
    "uid": "cpu-monitoring",
    "title": "CPU Usage Dashboard",
    "timezone": "browser",
    "schemaVersion": 36,
    "version": 1,
    "refresh": "5s",
    "panels": [
      {
        "id": 1,
        "title": "CPU Usage (%) - Azure VM",
        "type": "graph",
        "datasource": "Prometheus",
        "targets": [
          {
            "expr": "100 - (avg by (instance) (rate(node_cpu_seconds_total{mode='idle',instance='Azure-VM-IP:9100'}[1m])) * 100)",
            "legendFormat": "{{instance}}",
            "interval": ""
          }
        ],
        "gridPos": { "x": 0, "y": 0, "w": 12, "h": 6 },
        "yaxes": [
          { "format": "percent", "label": "CPU Usage", "logBase": 1 },
          { "format": "short" }
        ]
      },
      {
        "id": 2,
        "title": "CPU Usage (%) - GCP VMs",
        "type": "graph",
        "datasource": "Prometheus",
        "targets": [
          {
            "expr": "100 - (avg by (instance) (rate(node_cpu_seconds_total{mode='idle',instance=~'GCP-VM-.*:9100'}[1m])) * 100)",
            "legendFormat": "{{instance}}",
            "interval": ""
          }
        ],
        "gridPos": { "x": 0, "y": 7, "w": 12, "h": 6 },
        "yaxes": [
          { "format": "percent", "label": "CPU Usage", "logBase": 1 },
          { "format": "short" }
        ]
      },
      {
        "id": 3,
        "title": "CPU Usage Comparison (Azure vs GCP)",
        "type": "heatmap",
        "datasource": "Prometheus",
        "targets": [
          {
            "expr": "100 - (avg by (instance) (rate(node_cpu_seconds_total{mode='idle'}[1m])) * 100)",
            "legendFormat": "{{instance}}",
            "interval": ""
          }
        ],
        "gridPos": { "x": 0, "y": 14, "w": 12, "h": 6 },
        "yaxes": [
          { "format": "percent", "label": "CPU Usage", "logBase": 1 },
          { "format": "short" }
        ]
      }
    ]
  }
}
